06710/00_1489017728620_frame180.jpg,no-congestion
06710/00_1489018328499_frame120.jpg,no-congestion
06710/00_1489018328499_frame180.jpg,no-congestion
06710/00_1489018328499_frame240.jpg,no-congestion
06710/00_1489020128735_frame1.jpg,no-congestion
06710/00_1489020428858_frame180.jpg,no-congestion
06710/00_1489020428858_frame60.jpg,no-congestion
06710/01_1489021329229_frame180.jpg,no-congestion
06710/01_1489021929304_frame60.jpg,no-congestion
06710/01_1489022529475_frame1.jpg,no-congestion
06710/01_1489022529475_frame120.jpg,no-congestion
06710/01_1489022529475_frame180.jpg,no-congestion
06710/01_1489024029698_frame240.jpg,no-congestion
06710/01_1489024329556_frame60.jpg,no-congestion
06710/01_1489024629659_frame60.jpg,no-congestion
06710/02_1489024930059_frame1.jpg,no-congestion
06710/02_1489024930059_frame60.jpg,no-congestion
06710/02_1489025229879_frame1.jpg,no-congestion
06710/02_1489025530241_frame1.jpg,no-congestion
06710/02_1489025530241_frame60.jpg,no-congestion
06710/02_1489025830115_frame1.jpg,no-congestion
06710/02_1489025830115_frame180.jpg,no-congestion
06710/02_1489026130002_frame180.jpg,no-congestion
06710/02_1489026430147_frame180.jpg,no-congestion
06710/02_1489026730094_frame120.jpg,no-congestion
06710/02_1489026730094_frame60.jpg,no-congestion
06710/02_1489027030756_frame120.jpg,no-congestion
06710/02_1489027030756_frame180.jpg,no-congestion
06710/02_1489027330348_frame1.jpg,no-congestion
06710/02_1489027630520_frame60.jpg,no-congestion
06710/02_1489028230676_frame240.jpg,no-congestion
06710/03_1489028530595_frame1.jpg,no-congestion
06710/03_1489028530595_frame120.jpg,no-congestion
06710/03_1489028530595_frame60.jpg,no-congestion
06710/03_1489029131025_frame240.jpg,no-congestion
06710/03_1489029131025_frame60.jpg,no-congestion
06710/03_1489029430673_frame1.jpg,no-congestion
06710/03_1489029730995_frame1.jpg,no-congestion
06710/03_1489029730995_frame180.jpg,no-congestion
06710/03_1489030030922_frame180.jpg,no-congestion
06710/03_1489030330887_frame120.jpg,no-congestion
06710/03_1489030631202_frame1.jpg,no-congestion
06710/03_1489030631202_frame60.jpg,no-congestion
06710/03_1489030931331_frame1.jpg,no-congestion
06710/03_1489030931331_frame120.jpg,no-congestion
06710/03_1489031531594_frame1.jpg,no-congestion
06710/03_1489031531594_frame180.jpg,no-congestion
06710/03_1489031531594_frame60.jpg,no-congestion
06710/04_1489032131283_frame180.jpg,congestion
06710/04_1489032731331_frame60.jpg,no-congestion
06710/04_1489033331526_frame1.jpg,no-congestion
06710/04_1489033331526_frame120.jpg,no-congestion
06710/04_1489033631570_frame1.jpg,no-congestion
06710/04_1489035131657_frame120.jpg,no-congestion
06710/04_1489035432069_frame1.jpg,no-congestion
06710/04_1489035432069_frame240.jpg,no-congestion
06710/05_1489035731759_frame60.jpg,no-congestion
06710/05_1489036032074_frame1.jpg,no-congestion
06710/05_1489036032074_frame180.jpg,no-congestion
06710/05_1489036332038_frame120.jpg,no-congestion
06710/05_1489036632067_frame180.jpg,no-congestion
06710/05_1489036932121_frame1.jpg,no-congestion
06710/05_1489036932121_frame240.jpg,no-congestion
06710/05_1489037232149_frame180.jpg,no-congestion
06710/05_1489037832197_frame120.jpg,no-congestion
06710/05_1489037832197_frame240.jpg,no-congestion
06710/05_1489038432693_frame180.jpg,no-congestion
06710/05_1489038732898_frame120.jpg,no-congestion
06710/05_1489039032707_frame60.jpg,congestion
06710/06_1489039332833_frame60.jpg,no-congestion
06710/06_1489039632674_frame60.jpg,no-congestion
06710/06_1489039932917_frame180.jpg,congestion
06710/06_1489040232940_frame120.jpg,congestion
06710/06_1489040532677_frame1.jpg,no-congestion
06710/06_1489040833074_frame1.jpg,congestion
06710/06_1489040833074_frame120.jpg,congestion
06710/06_1489040833074_frame60.jpg,congestion
06710/06_1489041133029_frame1.jpg,congestion
06710/06_1489041732898_frame120.jpg,congestion
06710/06_1489041732898_frame180.jpg,congestion
06710/06_1489042033166_frame120.jpg,congestion
06710/06_1489042332958_frame60.jpg,congestion
06710/06_1489042632967_frame1.jpg,congestion
06710/12_1489062136684_frame1.jpg,no-congestion
06710/12_1489063937146_frame120.jpg,congestion
06710/12_1489064238940_frame120.jpg,congestion
06710/13_1489064837174_frame120.jpg,congestion
06710/13_1489065137284_frame120.jpg,congestion
06710/13_1489065737449_frame120.jpg,congestion
06710/13_1489066337322_frame60.jpg,congestion
06710/13_1489067237538_frame1.jpg,congestion
06710/13_1489067837746_frame120.jpg,congestion
06710/14_1489068137709_frame60.jpg,congestion
06710/14_1489068737909_frame120.jpg,congestion
06710/14_1489068737909_frame180.jpg,congestion
06710/14_1489069037919_frame1.jpg,congestion
06710/14_1489069638194_frame240.jpg,congestion
06710/14_1489069638194_frame60.jpg,congestion
06710/14_1489069937960_frame1.jpg,congestion
06710/14_1489069937960_frame120.jpg,congestion
06710/14_1489069937960_frame60.jpg,congestion
06710/14_1489070238254_frame120.jpg,congestion
06710/14_1489070538712_frame120.jpg,congestion
06710/14_1489070838164_frame1.jpg,congestion
06710/14_1489071138331_frame1.jpg,congestion
06710/14_1489071438222_frame1.jpg,congestion
06710/14_1489071438222_frame60.jpg,congestion
06710/15_1489071738514_frame1.jpg,congestion
06710/15_1489072338608_frame1.jpg,congestion
06710/15_1489072338608_frame120.jpg,congestion
06710/15_1489072338608_frame60.jpg,congestion
06710/15_1489072938548_frame180.jpg,congestion
06710/15_1489073238902_frame120.jpg,congestion
06710/15_1489073238902_frame60.jpg,congestion
06710/15_1489073538725_frame120.jpg,congestion
06710/15_1489073838850_frame120.jpg,congestion
06710/15_1489073838850_frame60.jpg,congestion
06710/15_1489074138816_frame180.jpg,congestion
06710/15_1489074138816_frame240.jpg,congestion
06710/15_1489074438860_frame120.jpg,congestion
06710/15_1489074739132_frame180.jpg,congestion
06710/15_1489075039073_frame1.jpg,congestion
06710/15_1489075039073_frame120.jpg,congestion
06710/15_1489075039073_frame180.jpg,congestion
06710/15_1489075039073_frame60.jpg,congestion
06710/16_1489075639446_frame1.jpg,congestion
06710/16_1489075639446_frame120.jpg,congestion
06710/16_1489076239612_frame240.jpg,congestion
06710/16_1489076539577_frame180.jpg,congestion
06710/16_1489076839608_frame1.jpg,congestion
06710/16_1489077139675_frame120.jpg,congestion
06710/16_1489077139675_frame240.jpg,congestion
06710/16_1489077739946_frame1.jpg,congestion
06710/16_1489078039893_frame120.jpg,congestion
06710/16_1489078339886_frame180.jpg,congestion
06710/16_1489078339886_frame60.jpg,congestion
06710/17_1489078940189_frame180.jpg,congestion
06710/17_1489079240165_frame180.jpg,congestion
06710/17_1489079540230_frame240.jpg,congestion
06710/17_1489079841987_frame60.jpg,congestion
06710/17_1489081940542_frame240.jpg,congestion
06710/17_1489082240608_frame1.jpg,congestion
06710/18_1489082540729_frame120.jpg,congestion
06710/18_1489082841534_frame180.jpg,congestion
06710/18_1489082841534_frame60.jpg,congestion
06710/18_1489083140987_frame1.jpg,congestion
06710/18_1489083140987_frame120.jpg,congestion
06710/18_1489083140987_frame60.jpg,congestion
06710/18_1489083440951_frame120.jpg,congestion
06710/18_1489083440951_frame240.jpg,congestion
06710/18_1489083440951_frame60.jpg,congestion
06710/18_1489083740898_frame1.jpg,congestion
06710/19_1489086141539_frame240.jpg,congestion
06710/19_1489086441591_frame180.jpg,congestion
06710/19_1489086741833_frame1.jpg,congestion
06710/19_1489086741833_frame120.jpg,congestion
06710/19_1489086741833_frame240.jpg,congestion
06710/19_1489087341743_frame180.jpg,congestion
06710/19_1489087641715_frame60.jpg,congestion
06710/19_1489087941786_frame120.jpg,congestion
06710/19_1489088241832_frame60.jpg,congestion
06710/19_1489088541912_frame1.jpg,congestion
06710/19_1489088841945_frame120.jpg,congestion
06710/19_1489088841945_frame240.jpg,congestion
06710/19_1489089442162_frame1.jpg,congestion
06710/20_1489089742428_frame1.jpg,congestion
06710/20_1489089742428_frame120.jpg,congestion
06710/20_1489090042171_frame240.jpg,congestion
06710/20_1489090342294_frame120.jpg,congestion
06710/20_1489090642405_frame1.jpg,congestion
06710/20_1489090642405_frame120.jpg,congestion
06710/20_1489090942577_frame1.jpg,congestion
06710/20_1489090942577_frame120.jpg,congestion
06710/20_1489091542847_frame1.jpg,no-congestion
06710/20_1489091842599_frame120.jpg,no-congestion
06710/20_1489092142692_frame180.jpg,no-congestion
06710/20_1489092142692_frame240.jpg,no-congestion
06710/20_1489092442608_frame120.jpg,no-congestion
06710/20_1489092442608_frame60.jpg,no-congestion
06710/20_1489092742674_frame180.jpg,congestion
06710/20_1489092742674_frame240.jpg,no-congestion
06710/20_1489093042690_frame1.jpg,no-congestion
06710/20_1489093042690_frame180.jpg,no-congestion
06710/21_1489093342829_frame180.jpg,no-congestion
06710/21_1489093942984_frame1.jpg,no-congestion
06710/21_1489093942984_frame180.jpg,no-congestion
06710/21_1489093942984_frame240.jpg,no-congestion
06710/21_1489094243161_frame180.jpg,no-congestion
06710/21_1489094543252_frame60.jpg,no-congestion
06710/21_1489094843481_frame180.jpg,congestion
06710/21_1489095143141_frame180.jpg,congestion
06710/21_1489095743495_frame60.jpg,no-congestion
06710/21_1489096043465_frame120.jpg,no-congestion
06710/21_1489096043465_frame240.jpg,no-congestion
06710/21_1489096043465_frame60.jpg,no-congestion
06710/21_1489096343606_frame180.jpg,congestion
06710/21_1489096343606_frame60.jpg,congestion
06710/21_1489096643577_frame180.jpg,no-congestion
06710/21_1489096643577_frame240.jpg,no-congestion
06710/22_1489096943691_frame180.jpg,no-congestion
06710/22_1489097543741_frame120.jpg,no-congestion
06710/22_1489097543741_frame60.jpg,congestion
06710/22_1489097843762_frame1.jpg,no-congestion
06710/22_1489097843762_frame180.jpg,congestion
06710/22_1489098143859_frame60.jpg,congestion
06710/22_1489098444024_frame120.jpg,no-congestion
06710/22_1489098444024_frame180.jpg,no-congestion
06710/22_1489098444024_frame60.jpg,no-congestion
06710/22_1489099043976_frame1.jpg,no-congestion
06710/22_1489099043976_frame120.jpg,no-congestion
06710/22_1489099043976_frame180.jpg,congestion
06710/22_1489099644170_frame120.jpg,congestion
06710/22_1489099944262_frame240.jpg,no-congestion
06710/23_1489100544509_frame240.jpg,no-congestion
06710/23_1489100844391_frame60.jpg,no-congestion
06710/23_1489101144578_frame180.jpg,no-congestion
06710/23_1489101444376_frame1.jpg,no-congestion
06710/23_1489101444376_frame180.jpg,no-congestion
06710/23_1489101444376_frame60.jpg,no-congestion
06710/23_1489101744674_frame180.jpg,no-congestion
06710/23_1489102044586_frame1.jpg,no-congestion
06710/23_1489102044586_frame180.jpg,no-congestion
06710/23_1489102344683_frame120.jpg,no-congestion
06710/23_1489102644849_frame240.jpg,no-congestion
06710/23_1489102944566_frame120.jpg,no-congestion
06710/23_1489102944566_frame180.jpg,no-congestion
06710/23_1489103244765_frame180.jpg,no-congestion
06710/23_1489103244765_frame240.jpg,no-congestion
06710/23_1489103544849_frame1.jpg,no-congestion
06710/23_1489103544849_frame180.jpg,congestion
06710/23_1489103845238_frame120.jpg,no-congestion
09747/00_1489017728620_frame60.jpg,no-congestion
09747/00_1489018028736_frame1.jpg,no-congestion
09747/00_1489018028736_frame60.jpg,no-congestion
09747/00_1489018328499_frame60.jpg,no-congestion
09747/00_1489018628798_frame120.jpg,no-congestion
09747/00_1489018628798_frame180.jpg,no-congestion
09747/00_1489018928885_frame1.jpg,no-congestion
09747/00_1489018928885_frame240.jpg,no-congestion
09747/00_1489019229250_frame1.jpg,no-congestion
09747/00_1489019229250_frame120.jpg,no-congestion
09747/00_1489019528762_frame120.jpg,no-congestion
09747/00_1489019828866_frame1.jpg,no-congestion
09747/00_1489019828866_frame60.jpg,no-congestion
09747/00_1489020128735_frame1.jpg,no-congestion
09747/00_1489020729029_frame60.jpg,no-congestion
09747/00_1489021029121_frame120.jpg,no-congestion
09747/00_1489021029121_frame60.jpg,no-congestion
09747/01_1489021329229_frame1.jpg,no-congestion
09747/01_1489021329229_frame120.jpg,no-congestion
09747/01_1489021629422_frame120.jpg,no-congestion
09747/01_1489021629422_frame180.jpg,no-congestion
09747/01_1489021929304_frame240.jpg,no-congestion
09747/01_1489022229594_frame120.jpg,no-congestion
09747/01_1489022229594_frame240.jpg,no-congestion
09747/01_1489022529475_frame120.jpg,no-congestion
09747/01_1489022529475_frame180.jpg,no-congestion
09747/01_1489022829686_frame1.jpg,no-congestion
09747/01_1489022829686_frame120.jpg,no-congestion
09747/01_1489022829686_frame180.jpg,no-congestion
09747/01_1489022829686_frame240.jpg,no-congestion
09747/01_1489023129378_frame60.jpg,no-congestion
09747/01_1489023429373_frame1.jpg,no-congestion
09747/01_1489023429373_frame180.jpg,no-congestion
09747/01_1489023729687_frame120.jpg,no-congestion
09747/01_1489023729687_frame180.jpg,no-congestion
09747/01_1489023729687_frame60.jpg,no-congestion
09747/01_1489024029698_frame1.jpg,no-congestion
09747/01_1489024029698_frame180.jpg,no-congestion
09747/01_1489024629659_frame240.jpg,no-congestion
09747/01_1489024629659_frame60.jpg,no-congestion
09747/02_1489024930059_frame120.jpg,no-congestion
09747/02_1489025830115_frame240.jpg,no-congestion
09747/02_1489026430147_frame1.jpg,no-congestion
09747/02_1489026730094_frame180.jpg,no-congestion
09747/02_1489026730094_frame240.jpg,no-congestion
09747/02_1489027030756_frame60.jpg,no-congestion
09747/02_1489027330348_frame1.jpg,no-congestion
09747/02_1489027630520_frame1.jpg,no-congestion
09747/03_1489028530595_frame1.jpg,no-congestion
09747/03_1489028830906_frame120.jpg,no-congestion
09747/03_1489028830906_frame180.jpg,no-congestion
09747/03_1489029131025_frame60.jpg,no-congestion
09747/03_1489029430673_frame120.jpg,no-congestion
09747/03_1489030330887_frame60.jpg,no-congestion
09747/03_1489030931331_frame1.jpg,no-congestion
09747/03_1489030931331_frame240.jpg,no-congestion
09747/03_1489031231348_frame1.jpg,no-congestion
09747/03_1489031231348_frame180.jpg,no-congestion
09747/03_1489031531594_frame120.jpg,no-congestion
09747/03_1489031531594_frame240.jpg,no-congestion
09747/04_1489032131283_frame180.jpg,no-congestion
09747/04_1489032131283_frame60.jpg,no-congestion
09747/04_1489032431253_frame180.jpg,no-congestion
09747/04_1489032431253_frame240.jpg,no-congestion
09747/04_1489032431253_frame60.jpg,no-congestion
09747/04_1489033031600_frame120.jpg,no-congestion
09747/04_1489033331526_frame240.jpg,no-congestion
09747/04_1489033631570_frame60.jpg,no-congestion
09747/04_1489033931296_frame120.jpg,no-congestion
09747/04_1489033931296_frame180.jpg,no-congestion
09747/04_1489033931296_frame60.jpg,no-congestion
09747/04_1489034531929_frame1.jpg,no-congestion
09747/04_1489034531929_frame60.jpg,no-congestion
09747/04_1489034831791_frame120.jpg,no-congestion
09747/04_1489035432069_frame180.jpg,no-congestion
09747/05_1489036032074_frame120.jpg,no-congestion
09747/05_1489036632067_frame1.jpg,no-congestion
09747/05_1489036632067_frame60.jpg,no-congestion
09747/05_1489037232149_frame180.jpg,no-congestion
09747/05_1489037232149_frame60.jpg,no-congestion
09747/05_1489037532062_frame1.jpg,no-congestion
09747/05_1489037532062_frame120.jpg,no-congestion
09747/05_1489037532062_frame180.jpg,no-congestion
09747/05_1489037832197_frame1.jpg,no-congestion
09747/05_1489037832197_frame60.jpg,no-congestion
09747/05_1489038132494_frame60.jpg,no-congestion
09747/05_1489038732898_frame1.jpg,no-congestion
09747/05_1489038732898_frame180.jpg,no-congestion
09747/05_1489039032707_frame120.jpg,no-congestion
09747/06_1489039332833_frame1.jpg,congestion
09747/06_1489039332833_frame180.jpg,no-congestion
09747/06_1489039332833_frame60.jpg,congestion
09747/06_1489039932917_frame120.jpg,no-congestion
09747/06_1489039932917_frame240.jpg,no-congestion
09747/06_1489040532677_frame120.jpg,no-congestion
09747/06_1489040532677_frame240.jpg,no-congestion
09747/06_1489040833074_frame120.jpg,no-congestion
09747/06_1489040833074_frame180.jpg,no-congestion
09747/06_1489041432766_frame120.jpg,congestion
09747/06_1489041432766_frame180.jpg,congestion
09747/06_1489041432766_frame60.jpg,congestion
09747/06_1489042033166_frame1.jpg,no-congestion
09747/06_1489042632967_frame120.jpg,congestion
09747/07_1489042933173_frame120.jpg,congestion
09747/07_1489043233325_frame1.jpg,congestion
09747/07_1489043533619_frame1.jpg,no-congestion
09747/07_1489043533619_frame180.jpg,congestion
09747/07_1489043533619_frame60.jpg,congestion
09747/07_1489044733357_frame180.jpg,no-congestion
09747/07_1489045633608_frame120.jpg,congestion
09747/07_1489045633608_frame60.jpg,congestion
09747/07_1489046233784_frame240.jpg,congestion
09747/08_1489046533969_frame1.jpg,congestion
09747/08_1489047134047_frame60.jpg,congestion
09747/08_1489047434070_frame120.jpg,congestion
09747/08_1489047434070_frame60.jpg,congestion
09747/08_1489047734285_frame120.jpg,congestion
09747/08_1489048334582_frame1.jpg,congestion
09747/08_1489048334582_frame240.jpg,congestion
09747/08_1489049234265_frame120.jpg,congestion
09747/08_1489049534501_frame1.jpg,congestion
09747/09_1489050434686_frame180.jpg,congestion
09747/09_1489050734893_frame1.jpg,congestion
09747/09_1489050734893_frame60.jpg,congestion
09747/09_1489051034666_frame180.jpg,congestion
09747/09_1489051635122_frame240.jpg,no-congestion
09747/09_1489051934826_frame120.jpg,congestion
09747/09_1489052234865_frame180.jpg,congestion
09747/09_1489052234865_frame60.jpg,congestion
09747/10_1489053735215_frame120.jpg,congestion
09747/10_1489053735215_frame180.jpg,congestion
09747/10_1489054035521_frame120.jpg,congestion
09747/10_1489054335262_frame120.jpg,congestion
09747/10_1489054335262_frame240.jpg,congestion
09747/10_1489054935401_frame120.jpg,no-congestion
09747/10_1489055235564_frame120.jpg,congestion
09747/10_1489055235564_frame240.jpg,congestion
09747/10_1489055535557_frame1.jpg,congestion
09747/10_1489055835582_frame60.jpg,congestion
09747/10_1489056135726_frame180.jpg,congestion
09747/10_1489056435594_frame120.jpg,congestion
09747/10_1489056735708_frame120.jpg,congestion
09747/10_1489057035803_frame240.jpg,no-congestion
09747/11_1489057935999_frame120.jpg,congestion
09747/11_1489057935999_frame180.jpg,congestion
09747/11_1489057935999_frame240.jpg,congestion
09747/11_1489058236042_frame180.jpg,congestion
09747/11_1489058536199_frame240.jpg,congestion
09747/11_1489058536199_frame60.jpg,congestion
09747/11_1489059136174_frame1.jpg,no-congestion
09747/11_1489059136174_frame60.jpg,no-congestion
09747/11_1489060036479_frame180.jpg,congestion
09747/11_1489060636292_frame180.jpg,no-congestion
09747/12_1489060936981_frame1.jpg,no-congestion
09747/12_1489061236553_frame60.jpg,no-congestion
09747/12_1489062436943_frame1.jpg,no-congestion
09747/12_1489063036832_frame60.jpg,congestion
09747/12_1489063337018_frame1.jpg,congestion
09747/12_1489063337018_frame120.jpg,congestion
09747/12_1489063636820_frame180.jpg,congestion
09747/12_1489063937146_frame180.jpg,no-congestion
09747/12_1489064238940_frame180.jpg,congestion
09747/13_1489064837174_frame1.jpg,congestion
09747/13_1489064837174_frame180.jpg,congestion
09747/13_1489065137284_frame180.jpg,no-congestion
09747/13_1489065737449_frame180.jpg,congestion
09747/13_1489066037422_frame1.jpg,no-congestion
09747/13_1489066337322_frame1.jpg,no-congestion
09747/13_1489066337322_frame240.jpg,no-congestion
09747/13_1489066637500_frame120.jpg,no-congestion
09747/13_1489066937516_frame1.jpg,congestion
09747/13_1489067537556_frame60.jpg,no-congestion
09747/14_1489068137709_frame1.jpg,congestion
09747/14_1489069037919_frame120.jpg,no-congestion
09747/14_1489069037919_frame60.jpg,no-congestion
09747/14_1489069337890_frame120.jpg,no-congestion
09747/14_1489069337890_frame240.jpg,no-congestion
09747/14_1489069337890_frame60.jpg,congestion
09747/14_1489069937960_frame1.jpg,congestion
09747/14_1489070238254_frame60.jpg,congestion
09747/14_1489070538712_frame60.jpg,congestion
09747/14_1489070838164_frame120.jpg,congestion
09747/14_1489071138331_frame1.jpg,congestion
09747/14_1489071438222_frame240.jpg,no-congestion
09747/14_1489071438222_frame60.jpg,no-congestion
09747/15_1489072338608_frame180.jpg,congestion
09747/15_1489072338608_frame60.jpg,congestion
09747/15_1489072638488_frame1.jpg,congestion
09747/15_1489072638488_frame120.jpg,congestion
09747/15_1489072938548_frame1.jpg,congestion
09747/15_1489073238902_frame240.jpg,congestion
09747/15_1489073538725_frame1.jpg,no-congestion
09747/15_1489073538725_frame240.jpg,congestion
09747/15_1489074138816_frame120.jpg,congestion
09747/15_1489074438860_frame1.jpg,congestion
09747/15_1489074438860_frame120.jpg,congestion
09747/15_1489074438860_frame60.jpg,congestion
09747/15_1489074739132_frame1.jpg,congestion
09747/15_1489074739132_frame120.jpg,congestion
09747/15_1489075039073_frame180.jpg,congestion
09747/16_1489075339144_frame120.jpg,congestion
09747/16_1489075339144_frame180.jpg,congestion
09747/16_1489075639446_frame120.jpg,congestion
09747/16_1489075939365_frame1.jpg,congestion
09747/16_1489076239612_frame1.jpg,congestion
09747/16_1489076539577_frame1.jpg,congestion
09747/16_1489076539577_frame120.jpg,congestion
09747/16_1489077139675_frame120.jpg,congestion
09747/16_1489077439778_frame60.jpg,congestion
09747/16_1489077739946_frame240.jpg,congestion
09747/16_1489078639987_frame120.jpg,congestion
09747/16_1489078639987_frame180.jpg,congestion
09747/17_1489078940189_frame180.jpg,congestion
09747/17_1489079240165_frame60.jpg,congestion
09747/17_1489079540230_frame1.jpg,congestion
09747/17_1489080140636_frame120.jpg,congestion
09747/17_1489080140636_frame240.jpg,congestion
09747/17_1489080441085_frame60.jpg,congestion
09747/17_1489081040431_frame60.jpg,congestion
09747/17_1489081343866_frame1.jpg,congestion
09747/17_1489081940542_frame60.jpg,congestion
09747/17_1489082240608_frame120.jpg,congestion
09747/18_1489082841534_frame1.jpg,congestion
09747/18_1489083140987_frame180.jpg,congestion
09747/18_1489083440951_frame180.jpg,congestion
09747/18_1489083740898_frame180.jpg,congestion
09747/18_1489083740898_frame60.jpg,congestion
09747/18_1489084641161_frame1.jpg,no-congestion
09747/18_1489084641161_frame120.jpg,congestion
09747/18_1489084641161_frame180.jpg,no-congestion
09747/18_1489084941159_frame120.jpg,congestion
09747/18_1489085241512_frame240.jpg,congestion
09747/18_1489085541438_frame1.jpg,congestion
09747/18_1489085541438_frame120.jpg,congestion
09747/18_1489085541438_frame240.jpg,congestion
09747/18_1489085841302_frame120.jpg,congestion
09747/18_1489085841302_frame60.jpg,congestion
09747/19_1489086141539_frame180.jpg,congestion
09747/19_1489086141539_frame240.jpg,congestion
09747/19_1489086441591_frame1.jpg,congestion
09747/19_1489086741833_frame1.jpg,congestion
09747/19_1489086741833_frame240.jpg,congestion
09747/19_1489087941786_frame180.jpg,congestion
09747/19_1489088241832_frame180.jpg,congestion
09747/19_1489088541912_frame1.jpg,congestion
09747/19_1489089142077_frame240.jpg,congestion
09747/19_1489089442162_frame120.jpg,congestion
09747/19_1489089442162_frame60.jpg,congestion
09747/20_1489089742428_frame240.jpg,no-congestion
09747/20_1489090342294_frame1.jpg,congestion
09747/20_1489090342294_frame120.jpg,no-congestion
09747/20_1489091242393_frame120.jpg,no-congestion
09747/20_1489091242393_frame180.jpg,no-congestion
09747/20_1489091542847_frame60.jpg,no-congestion
09747/20_1489091842599_frame1.jpg,no-congestion
09747/20_1489091842599_frame60.jpg,no-congestion
09747/20_1489092142692_frame180.jpg,no-congestion
09747/20_1489092442608_frame1.jpg,no-congestion
09747/20_1489092442608_frame120.jpg,congestion
09747/20_1489092742674_frame180.jpg,no-congestion
09747/20_1489092742674_frame240.jpg,no-congestion
09747/21_1489093342829_frame120.jpg,no-congestion
09747/21_1489093342829_frame240.jpg,no-congestion
09747/21_1489094543252_frame120.jpg,no-congestion
09747/21_1489094543252_frame60.jpg,no-congestion
09747/21_1489095443373_frame240.jpg,no-congestion
09747/21_1489095443373_frame60.jpg,no-congestion
09747/21_1489096043465_frame240.jpg,no-congestion
09747/21_1489096343606_frame120.jpg,no-congestion
09747/21_1489096343606_frame240.jpg,no-congestion
09747/22_1489097243723_frame180.jpg,no-congestion
09747/22_1489097543741_frame120.jpg,no-congestion
09747/22_1489097843762_frame180.jpg,no-congestion
09747/22_1489098143859_frame120.jpg,congestion
09747/22_1489098143859_frame60.jpg,congestion
09747/22_1489098743818_frame1.jpg,no-congestion
09747/22_1489098743818_frame180.jpg,no-congestion
09747/22_1489098743818_frame60.jpg,no-congestion
09747/22_1489099043976_frame180.jpg,no-congestion
09747/22_1489099043976_frame60.jpg,no-congestion
09747/22_1489099343980_frame180.jpg,no-congestion
09747/22_1489099644170_frame120.jpg,no-congestion
09747/22_1489099944262_frame180.jpg,no-congestion
09747/22_1489099944262_frame60.jpg,no-congestion
09747/23_1489101144578_frame1.jpg,no-congestion
09747/23_1489101744674_frame1.jpg,no-congestion
09747/23_1489101744674_frame240.jpg,no-congestion
09747/23_1489102044586_frame120.jpg,no-congestion
09747/23_1489102044586_frame180.jpg,no-congestion
09747/23_1489102044586_frame60.jpg,no-congestion
09747/23_1489102344683_frame60.jpg,no-congestion
09747/23_1489102644849_frame1.jpg,no-congestion
09747/23_1489102644849_frame120.jpg,no-congestion
09747/23_1489103244765_frame1.jpg,no-congestion
09747/23_1489103244765_frame120.jpg,no-congestion
09747/23_1489103544849_frame60.jpg,no-congestion
09747/23_1489103845238_frame120.jpg,no-congestion
09800/00_1489017728620_frame1.jpg,no-congestion
09800/00_1489018028736_frame120.jpg,no-congestion
09800/00_1489018928885_frame240.jpg,no-congestion
09800/00_1489019229250_frame1.jpg,no-congestion
09800/00_1489019528762_frame1.jpg,no-congestion
09800/00_1489019828866_frame120.jpg,no-congestion
09800/00_1489019828866_frame60.jpg,no-congestion
09800/00_1489020128735_frame180.jpg,no-congestion
09800/00_1489020128735_frame240.jpg,no-congestion
09800/00_1489020729029_frame1.jpg,no-congestion
09800/00_1489020729029_frame180.jpg,no-congestion
09800/00_1489021029121_frame60.jpg,no-congestion
09800/01_1489021629422_frame120.jpg,no-congestion
09800/01_1489021629422_frame180.jpg,no-congestion
09800/01_1489021629422_frame60.jpg,no-congestion
09800/01_1489022529475_frame1.jpg,no-congestion
09800/01_1489023129378_frame1.jpg,no-congestion
09800/01_1489023129378_frame60.jpg,no-congestion
09800/01_1489023729687_frame60.jpg,no-congestion
09800/01_1489024029698_frame120.jpg,no-congestion
09800/01_1489024029698_frame60.jpg,no-congestion
09800/01_1489024329556_frame180.jpg,no-congestion
09800/02_1489024930059_frame1.jpg,no-congestion
09800/02_1489024930059_frame180.jpg,no-congestion
09800/02_1489024930059_frame60.jpg,no-congestion
09800/02_1489025229879_frame180.jpg,no-congestion
09800/02_1489025229879_frame240.jpg,no-congestion
09800/02_1489025830115_frame120.jpg,no-congestion
09800/02_1489025830115_frame180.jpg,no-congestion
09800/02_1489026730094_frame1.jpg,no-congestion
09800/02_1489026730094_frame240.jpg,no-congestion
09800/02_1489026730094_frame60.jpg,no-congestion
09800/02_1489027030756_frame120.jpg,no-congestion
09800/02_1489027630520_frame120.jpg,no-congestion
09800/02_1489027630520_frame60.jpg,no-congestion
09800/02_1489027930527_frame240.jpg,no-congestion
09800/02_1489028230676_frame180.jpg,no-congestion
09800/03_1489028830906_frame120.jpg,no-congestion
09800/03_1489028830906_frame180.jpg,no-congestion
09800/03_1489028830906_frame60.jpg,no-congestion
09800/03_1489029430673_frame120.jpg,no-congestion
09800/03_1489029730995_frame120.jpg,no-congestion
09800/03_1489030330887_frame1.jpg,no-congestion
09800/03_1489030330887_frame120.jpg,no-congestion
09800/03_1489030330887_frame60.jpg,no-congestion
09800/03_1489030631202_frame180.jpg,no-congestion
09800/03_1489030931331_frame240.jpg,no-congestion
09800/03_1489030931331_frame60.jpg,no-congestion
09800/03_1489031231348_frame60.jpg,no-congestion
09800/03_1489031831471_frame120.jpg,no-congestion
09800/03_1489031831471_frame180.jpg,no-congestion
09800/04_1489032431253_frame180.jpg,no-congestion
09800/04_1489032731331_frame60.jpg,no-congestion
09800/04_1489033031600_frame180.jpg,no-congestion
09800/04_1489033331526_frame240.jpg,no-congestion
09800/04_1489033331526_frame60.jpg,no-congestion
09800/04_1489033931296_frame240.jpg,no-congestion
09800/04_1489033931296_frame60.jpg,no-congestion
09800/04_1489034531929_frame1.jpg,no-congestion
09800/04_1489034531929_frame180.jpg,no-congestion
09800/04_1489034831791_frame1.jpg,no-congestion
09800/04_1489034831791_frame240.jpg,no-congestion
09800/04_1489035432069_frame60.jpg,no-congestion
09800/05_1489036932121_frame60.jpg,congestion
09800/05_1489037232149_frame180.jpg,no-congestion
09800/05_1489037232149_frame240.jpg,no-congestion
09800/05_1489037232149_frame60.jpg,no-congestion
09800/05_1489037532062_frame120.jpg,no-congestion
09800/05_1489037832197_frame240.jpg,no-congestion
09800/05_1489037832197_frame60.jpg,no-congestion
09800/05_1489038132494_frame120.jpg,no-congestion
09800/05_1489038132494_frame180.jpg,no-congestion
09800/05_1489038432693_frame120.jpg,no-congestion
09800/05_1489038732898_frame1.jpg,no-congestion
09800/05_1489039032707_frame1.jpg,no-congestion
09800/06_1489039332833_frame120.jpg,no-congestion
09800/06_1489039932917_frame60.jpg,no-congestion
09800/06_1489040532677_frame1.jpg,no-congestion
09800/06_1489040532677_frame180.jpg,no-congestion
09800/06_1489040532677_frame60.jpg,no-congestion
09800/06_1489041133029_frame60.jpg,no-congestion
09800/06_1489041432766_frame1.jpg,congestion
09800/06_1489042332958_frame180.jpg,no-congestion
09800/06_1489042632967_frame120.jpg,congestion
09800/06_1489042632967_frame180.jpg,congestion
09800/07_1489043233325_frame120.jpg,no-congestion
09800/07_1489043833580_frame1.jpg,no-congestion
09800/07_1489044133659_frame1.jpg,congestion
09800/07_1489044133659_frame60.jpg,congestion
09800/07_1489044433369_frame120.jpg,congestion
09800/07_1489044433369_frame60.jpg,congestion
09800/07_1489044733357_frame240.jpg,no-congestion
09800/07_1489045033797_frame1.jpg,congestion
09800/07_1489045033797_frame120.jpg,congestion
09800/07_1489045033797_frame180.jpg,congestion
09800/07_1489045033797_frame60.jpg,congestion
09800/07_1489045333479_frame240.jpg,congestion
09800/07_1489045633608_frame180.jpg,congestion
09800/07_1489045933720_frame60.jpg,no-congestion
09800/08_1489046533969_frame60.jpg,no-congestion
09800/08_1489046833857_frame180.jpg,congestion
09800/08_1489047134047_frame60.jpg,no-congestion
09800/08_1489047734285_frame180.jpg,congestion
09800/08_1489048334582_frame1.jpg,congestion
09800/08_1489048934764_frame120.jpg,no-congestion
09800/08_1489048934764_frame180.jpg,no-congestion
09800/08_1489049234265_frame120.jpg,no-congestion
09800/08_1489049534501_frame180.jpg,no-congestion
09800/09_1489050134606_frame180.jpg,congestion
09800/09_1489050434686_frame1.jpg,no-congestion
09800/09_1489050434686_frame240.jpg,no-congestion
09800/09_1489050734893_frame240.jpg,congestion
09800/09_1489051034666_frame180.jpg,no-congestion
09800/09_1489051635122_frame240.jpg,no-congestion
09800/09_1489051934826_frame60.jpg,no-congestion
09800/09_1489052234865_frame120.jpg,congestion
09800/09_1489052834948_frame120.jpg,congestion
09800/09_1489053435239_frame1.jpg,congestion
09800/09_1489053435239_frame240.jpg,congestion
09800/10_1489054335262_frame1.jpg,congestion
09800/10_1489054635348_frame120.jpg,no-congestion
09800/10_1489055535557_frame120.jpg,no-congestion
09800/10_1489055835582_frame1.jpg,congestion
09800/10_1489055835582_frame180.jpg,congestion
09800/10_1489056135726_frame120.jpg,no-congestion
09800/10_1489057035803_frame240.jpg,congestion
09800/11_1489057335853_frame1.jpg,congestion
09800/11_1489057335853_frame60.jpg,congestion
09800/11_1489057635916_frame1.jpg,no-congestion
09800/11_1489057635916_frame120.jpg,no-congestion
09800/11_1489057935999_frame180.jpg,no-congestion
09800/11_1489058236042_frame120.jpg,congestion
09800/11_1489058536199_frame1.jpg,no-congestion
09800/11_1489059136174_frame240.jpg,congestion
09800/11_1489059436256_frame1.jpg,congestion
09800/11_1489059436256_frame120.jpg,congestion
09800/11_1489059736448_frame60.jpg,congestion
09800/11_1489060036479_frame120.jpg,no-congestion
09800/11_1489060336367_frame240.jpg,congestion
09800/11_1489060336367_frame60.jpg,congestion
09800/12_1489060936981_frame60.jpg,congestion
09800/12_1489061837599_frame120.jpg,congestion
09800/12_1489062136684_frame1.jpg,congestion
09800/12_1489062136684_frame180.jpg,congestion
09800/12_1489062436943_frame180.jpg,congestion
09800/12_1489062736781_frame120.jpg,congestion
09800/12_1489062736781_frame60.jpg,congestion
09800/12_1489063337018_frame120.jpg,congestion
09800/12_1489063337018_frame60.jpg,congestion
09800/12_1489063636820_frame180.jpg,congestion
09800/12_1489063636820_frame240.jpg,congestion
09800/12_1489063937146_frame60.jpg,congestion
09800/13_1489064537267_frame120.jpg,no-congestion
09800/13_1489064837174_frame1.jpg,no-congestion
09800/13_1489064837174_frame120.jpg,no-congestion
09800/13_1489065137284_frame1.jpg,no-congestion
09800/13_1489065737449_frame1.jpg,no-congestion
09800/13_1489066037422_frame180.jpg,congestion
09800/13_1489067237538_frame240.jpg,no-congestion
09800/13_1489067237538_frame60.jpg,no-congestion
09800/14_1489068437756_frame180.jpg,no-congestion
09800/14_1489069037919_frame1.jpg,no-congestion
09800/14_1489069037919_frame120.jpg,no-congestion
09800/14_1489069037919_frame180.jpg,no-congestion
09800/14_1489069337890_frame1.jpg,no-congestion
09800/14_1489069337890_frame60.jpg,congestion
09800/14_1489069638194_frame180.jpg,congestion
09800/14_1489069937960_frame1.jpg,congestion
09800/14_1489070838164_frame180.jpg,no-congestion
09800/14_1489071138331_frame240.jpg,congestion
09800/14_1489071438222_frame60.jpg,congestion
09800/15_1489072338608_frame60.jpg,no-congestion
09800/15_1489072638488_frame60.jpg,no-congestion
09800/15_1489072938548_frame1.jpg,no-congestion
09800/15_1489073538725_frame60.jpg,congestion
09800/15_1489073838850_frame180.jpg,no-congestion
09800/15_1489074138816_frame120.jpg,no-congestion
09800/15_1489074138816_frame180.jpg,no-congestion
09800/15_1489074438860_frame240.jpg,congestion
09800/15_1489074739132_frame60.jpg,no-congestion
09800/15_1489075039073_frame1.jpg,no-congestion
09800/15_1489075039073_frame180.jpg,no-congestion
09800/16_1489075339144_frame120.jpg,congestion
09800/16_1489075639446_frame240.jpg,congestion
09800/16_1489076239612_frame1.jpg,congestion
09800/16_1489076239612_frame120.jpg,congestion
09800/16_1489076839608_frame180.jpg,congestion
09800/16_1489077139675_frame1.jpg,congestion
09800/16_1489077139675_frame180.jpg,no-congestion
09800/16_1489077439778_frame60.jpg,congestion
09800/16_1489078039893_frame240.jpg,congestion
09800/16_1489078339886_frame1.jpg,congestion
09800/16_1489078339886_frame180.jpg,congestion
09800/16_1489078639987_frame180.jpg,congestion
09800/17_1489078940189_frame120.jpg,congestion
09800/17_1489079540230_frame180.jpg,congestion
09800/17_1489079841987_frame180.jpg,congestion
09800/17_1489080140636_frame120.jpg,congestion
09800/17_1489080441085_frame180.jpg,congestion
09800/17_1489080441085_frame60.jpg,congestion
09800/17_1489081040431_frame60.jpg,congestion
09800/17_1489081343866_frame180.jpg,congestion
09800/17_1489081640745_frame120.jpg,congestion
09800/17_1489081940542_frame1.jpg,congestion
09800/17_1489081940542_frame120.jpg,congestion
09800/17_1489081940542_frame180.jpg,congestion
09800/18_1489082841534_frame180.jpg,no-congestion
09800/18_1489083440951_frame60.jpg,congestion
09800/18_1489083740898_frame1.jpg,congestion
09800/18_1489084041411_frame60.jpg,congestion
09800/18_1489084941159_frame120.jpg,congestion
09800/18_1489084941159_frame60.jpg,congestion
09800/18_1489085241512_frame120.jpg,congestion
09800/18_1489085841302_frame1.jpg,congestion
09800/19_1489086141539_frame1.jpg,congestion
09800/19_1489086141539_frame60.jpg,congestion
09800/19_1489086441591_frame120.jpg,no-congestion
09800/19_1489087641715_frame1.jpg,congestion
09800/19_1489087641715_frame180.jpg,no-congestion
09800/19_1489087641715_frame240.jpg,no-congestion
09800/19_1489088241832_frame120.jpg,congestion
09800/19_1489088541912_frame120.jpg,no-congestion
09800/19_1489088541912_frame240.jpg,no-congestion
09800/19_1489089142077_frame120.jpg,congestion
09800/19_1489089142077_frame180.jpg,congestion
09800/19_1489089442162_frame1.jpg,no-congestion
09800/19_1489089442162_frame120.jpg,no-congestion
09800/20_1489090342294_frame1.jpg,congestion
09800/20_1489090342294_frame60.jpg,congestion
09800/20_1489090642405_frame180.jpg,no-congestion
09800/20_1489091242393_frame120.jpg,no-congestion
09800/20_1489091242393_frame60.jpg,no-congestion
09800/20_1489091542847_frame1.jpg,no-congestion
09800/20_1489091542847_frame120.jpg,no-congestion
09800/20_1489091842599_frame60.jpg,congestion
09800/20_1489092142692_frame180.jpg,no-congestion
09800/20_1489092742674_frame180.jpg,no-congestion
09800/20_1489093042690_frame1.jpg,congestion
09800/21_1489093643273_frame120.jpg,no-congestion
09800/21_1489093942984_frame180.jpg,congestion
09800/21_1489094543252_frame1.jpg,congestion
09800/21_1489094543252_frame60.jpg,congestion
09800/21_1489094843481_frame240.jpg,congestion
09800/21_1489095143141_frame1.jpg,congestion
09800/21_1489095443373_frame60.jpg,no-congestion
09800/21_1489096343606_frame120.jpg,congestion
09800/21_1489096343606_frame180.jpg,congestion
09800/22_1489096943691_frame180.jpg,no-congestion
09800/22_1489097243723_frame1.jpg,no-congestion
09800/22_1489097243723_frame120.jpg,no-congestion
09800/22_1489097243723_frame60.jpg,no-congestion
09800/22_1489097543741_frame240.jpg,no-congestion
09800/22_1489097843762_frame180.jpg,congestion
09800/22_1489098143859_frame1.jpg,no-congestion
09800/22_1489098143859_frame120.jpg,congestion
09800/22_1489098444024_frame1.jpg,no-congestion
09800/22_1489098743818_frame1.jpg,no-congestion
09800/22_1489098743818_frame120.jpg,no-congestion
09800/22_1489099043976_frame120.jpg,no-congestion
09800/22_1489099043976_frame180.jpg,no-congestion
09800/22_1489099043976_frame240.jpg,no-congestion
09800/22_1489099343980_frame120.jpg,no-congestion
09800/22_1489099343980_frame240.jpg,no-congestion
09800/22_1489099944262_frame1.jpg,congestion
09800/22_1489099944262_frame120.jpg,no-congestion
09800/23_1489100544509_frame180.jpg,no-congestion
09800/23_1489100844391_frame120.jpg,no-congestion
09800/23_1489101444376_frame1.jpg,no-congestion
09800/23_1489102044586_frame120.jpg,no-congestion
09800/23_1489102044586_frame60.jpg,no-congestion
09800/23_1489102344683_frame180.jpg,no-congestion
09800/23_1489102644849_frame180.jpg,no-congestion
09800/23_1489103544849_frame120.jpg,no-congestion
09800/23_1489103544849_frame180.jpg,no-congestion
09800/23_1489103845238_frame1.jpg,no-congestion
09800/23_1489103845238_frame120.jpg,no-congestion
09800/23_1489103845238_frame180.jpg,no-congestion
09801/00_1489018328499_frame60.jpg,no-congestion
09801/00_1489018928885_frame1.jpg,no-congestion
09801/00_1489018928885_frame60.jpg,congestion
09801/00_1489019229250_frame240.jpg,no-congestion
09801/00_1489019828866_frame60.jpg,no-congestion
09801/00_1489020128735_frame120.jpg,no-congestion
09801/00_1489020128735_frame180.jpg,no-congestion
09801/00_1489020128735_frame60.jpg,no-congestion
09801/00_1489020428858_frame1.jpg,no-congestion
09801/00_1489020428858_frame180.jpg,no-congestion
09801/00_1489020729029_frame120.jpg,no-congestion
09801/00_1489020729029_frame240.jpg,no-congestion
09801/00_1489021029121_frame1.jpg,no-congestion
09801/00_1489021029121_frame180.jpg,no-congestion
09801/00_1489021029121_frame240.jpg,no-congestion
09801/01_1489021629422_frame240.jpg,no-congestion
09801/01_1489021929304_frame180.jpg,no-congestion
09801/01_1489022229594_frame120.jpg,no-congestion
09801/01_1489022529475_frame120.jpg,no-congestion
09801/01_1489022529475_frame240.jpg,no-congestion
09801/01_1489022829686_frame180.jpg,no-congestion
09801/01_1489023129378_frame60.jpg,no-congestion
09801/01_1489023429373_frame120.jpg,no-congestion
09801/01_1489023429373_frame60.jpg,no-congestion
09801/01_1489023729687_frame120.jpg,no-congestion
09801/01_1489024329556_frame120.jpg,no-congestion
09801/01_1489024629659_frame120.jpg,no-congestion
09801/02_1489024930059_frame120.jpg,no-congestion
09801/02_1489025229879_frame120.jpg,no-congestion
09801/02_1489026130002_frame1.jpg,no-congestion
09801/02_1489026430147_frame180.jpg,no-congestion
09801/02_1489027030756_frame1.jpg,no-congestion
09801/02_1489027330348_frame1.jpg,no-congestion
09801/02_1489027330348_frame180.jpg,no-congestion
09801/02_1489027330348_frame240.jpg,no-congestion
09801/02_1489027930527_frame60.jpg,no-congestion
09801/03_1489028530595_frame120.jpg,no-congestion
09801/03_1489028830906_frame180.jpg,no-congestion
09801/03_1489029131025_frame1.jpg,no-congestion
09801/03_1489029131025_frame120.jpg,no-congestion
09801/03_1489029430673_frame60.jpg,no-congestion
09801/03_1489030330887_frame1.jpg,no-congestion
09801/03_1489030631202_frame240.jpg,no-congestion
09801/03_1489030931331_frame60.jpg,no-congestion
09801/03_1489031231348_frame60.jpg,no-congestion
09801/03_1489031531594_frame1.jpg,no-congestion
09801/04_1489032131283_frame60.jpg,no-congestion
09801/04_1489032431253_frame180.jpg,no-congestion
09801/04_1489033331526_frame180.jpg,no-congestion
09801/04_1489033331526_frame60.jpg,no-congestion
09801/04_1489033631570_frame60.jpg,no-congestion
09801/04_1489033931296_frame1.jpg,no-congestion
09801/04_1489034231938_frame180.jpg,no-congestion
09801/04_1489034531929_frame120.jpg,no-congestion
09801/04_1489034831791_frame120.jpg,no-congestion
09801/04_1489034831791_frame60.jpg,no-congestion
09801/04_1489035131657_frame120.jpg,no-congestion
09801/05_1489036332038_frame240.jpg,congestion
09801/05_1489036932121_frame240.jpg,no-congestion
09801/05_1489037532062_frame1.jpg,no-congestion
09801/05_1489037532062_frame120.jpg,no-congestion
09801/05_1489037832197_frame240.jpg,no-congestion
09801/05_1489038132494_frame180.jpg,no-congestion
09801/05_1489038132494_frame240.jpg,no-congestion
09801/05_1489039032707_frame120.jpg,no-congestion
09801/05_1489039032707_frame60.jpg,no-congestion
09801/06_1489039632674_frame120.jpg,no-congestion
09801/06_1489040232940_frame180.jpg,congestion
09801/06_1489040833074_frame120.jpg,no-congestion
09801/06_1489040833074_frame60.jpg,no-congestion
09801/06_1489041432766_frame120.jpg,congestion
09801/06_1489041732898_frame1.jpg,congestion
09801/06_1489042332958_frame120.jpg,no-congestion
09801/06_1489042632967_frame1.jpg,congestion
09801/06_1489042632967_frame120.jpg,congestion
09801/07_1489042933173_frame1.jpg,congestion
09801/07_1489042933173_frame120.jpg,congestion
09801/07_1489043233325_frame1.jpg,congestion
09801/07_1489043533619_frame120.jpg,congestion
09801/07_1489043833580_frame120.jpg,congestion
09801/07_1489043833580_frame60.jpg,congestion
09801/07_1489044133659_frame120.jpg,congestion
09801/07_1489044433369_frame180.jpg,no-congestion
09801/07_1489044733357_frame120.jpg,congestion
09801/07_1489044733357_frame240.jpg,no-congestion
09801/07_1489045933720_frame180.jpg,congestion
09801/07_1489046233784_frame1.jpg,congestion
09801/08_1489047434070_frame60.jpg,congestion
09801/08_1489048334582_frame1.jpg,congestion
09801/08_1489048334582_frame240.jpg,congestion
09801/08_1489048634425_frame1.jpg,congestion
09801/08_1489048934764_frame120.jpg,congestion
09801/08_1489048934764_frame60.jpg,congestion
09801/08_1489049234265_frame1.jpg,congestion
09801/08_1489049534501_frame60.jpg,no-congestion
09801/09_1489050134606_frame1.jpg,congestion
09801/09_1489050134606_frame120.jpg,congestion
09801/09_1489050134606_frame60.jpg,congestion
09801/09_1489050434686_frame60.jpg,no-congestion
09801/09_1489051034666_frame120.jpg,no-congestion
09801/09_1489051334795_frame240.jpg,congestion
09801/09_1489051635122_frame120.jpg,congestion
09801/09_1489051635122_frame180.jpg,congestion
09801/09_1489052234865_frame1.jpg,congestion
09801/09_1489052535261_frame120.jpg,congestion
09801/09_1489053435239_frame240.jpg,congestion
09801/10_1489053735215_frame60.jpg,congestion
09801/10_1489054335262_frame120.jpg,congestion
09801/10_1489054635348_frame1.jpg,congestion
09801/10_1489055235564_frame1.jpg,congestion
09801/10_1489055235564_frame120.jpg,congestion
09801/10_1489055535557_frame120.jpg,no-congestion
09801/10_1489055835582_frame240.jpg,congestion
09801/10_1489056135726_frame120.jpg,congestion
09801/10_1489056135726_frame180.jpg,congestion
09801/10_1489056435594_frame60.jpg,congestion
09801/11_1489057335853_frame60.jpg,congestion
09801/11_1489057935999_frame120.jpg,congestion
09801/11_1489057935999_frame180.jpg,congestion
09801/11_1489058236042_frame180.jpg,congestion
09801/11_1489058836174_frame120.jpg,congestion
09801/11_1489059136174_frame60.jpg,no-congestion
09801/11_1489059436256_frame1.jpg,congestion
09801/11_1489059436256_frame60.jpg,congestion
09801/11_1489059736448_frame120.jpg,no-congestion
09801/11_1489059736448_frame180.jpg,no-congestion
09801/11_1489060036479_frame1.jpg,congestion
09801/11_1489060036479_frame60.jpg,congestion
09801/11_1489060336367_frame120.jpg,congestion
09801/11_1489060636292_frame240.jpg,congestion
09801/12_1489060936981_frame180.jpg,congestion
09801/12_1489060936981_frame60.jpg,congestion
09801/12_1489061236553_frame60.jpg,congestion
09801/12_1489062136684_frame180.jpg,congestion
09801/12_1489062736781_frame180.jpg,congestion
09801/12_1489062736781_frame240.jpg,congestion
09801/12_1489062736781_frame60.jpg,congestion
09801/12_1489063036832_frame180.jpg,congestion
09801/12_1489063337018_frame120.jpg,congestion
09801/12_1489063636820_frame60.jpg,congestion
09801/12_1489063937146_frame120.jpg,congestion
09801/12_1489064238940_frame180.jpg,congestion
09801/13_1489064537267_frame120.jpg,congestion
09801/13_1489064537267_frame180.jpg,congestion
09801/13_1489065137284_frame120.jpg,congestion
09801/13_1489065137284_frame180.jpg,congestion
09801/13_1489065437378_frame120.jpg,congestion
09801/13_1489065437378_frame240.jpg,congestion
09801/13_1489065437378_frame60.jpg,congestion
09801/13_1489066337322_frame1.jpg,congestion
09801/13_1489066637500_frame120.jpg,congestion
09801/13_1489067237538_frame180.jpg,congestion
09801/13_1489067237538_frame60.jpg,congestion
09801/13_1489067537556_frame120.jpg,congestion
09801/13_1489067837746_frame240.jpg,congestion
09801/13_1489067837746_frame60.jpg,congestion
09801/14_1489068137709_frame1.jpg,congestion
09801/14_1489068437756_frame1.jpg,congestion
09801/14_1489068737909_frame120.jpg,congestion
09801/14_1489069638194_frame120.jpg,congestion
09801/14_1489069638194_frame180.jpg,congestion
09801/14_1489069937960_frame180.jpg,congestion
09801/14_1489070538712_frame60.jpg,congestion
09801/14_1489070838164_frame1.jpg,no-congestion
09801/14_1489070838164_frame180.jpg,congestion
09801/14_1489071438222_frame120.jpg,congestion
09801/14_1489071438222_frame60.jpg,congestion
09801/15_1489072338608_frame240.jpg,congestion
09801/15_1489072938548_frame180.jpg,congestion
09801/15_1489073538725_frame60.jpg,congestion
09801/15_1489073838850_frame180.jpg,congestion
09801/15_1489073838850_frame60.jpg,congestion
09801/15_1489074138816_frame1.jpg,congestion
09801/15_1489074438860_frame120.jpg,congestion
09801/15_1489074438860_frame240.jpg,congestion
09801/15_1489074739132_frame180.jpg,congestion
09801/15_1489075039073_frame60.jpg,congestion
09801/16_1489075939365_frame240.jpg,congestion
09801/16_1489076239612_frame1.jpg,congestion
09801/16_1489076839608_frame60.jpg,congestion
09801/16_1489077139675_frame120.jpg,congestion
09801/16_1489077139675_frame180.jpg,congestion
09801/16_1489077439778_frame1.jpg,congestion
09801/16_1489078339886_frame60.jpg,congestion
09801/16_1489078639987_frame1.jpg,congestion
09801/16_1489078639987_frame240.jpg,congestion
09801/17_1489078940189_frame1.jpg,congestion
09801/17_1489079240165_frame240.jpg,congestion
09801/17_1489079540230_frame1.jpg,congestion
09801/17_1489079540230_frame120.jpg,congestion
09801/17_1489079540230_frame60.jpg,congestion
09801/17_1489080441085_frame1.jpg,congestion
09801/17_1489080441085_frame120.jpg,congestion
09801/17_1489080441085_frame240.jpg,congestion
09801/17_1489080441085_frame60.jpg,congestion
09801/17_1489080740268_frame1.jpg,congestion
09801/17_1489081040431_frame1.jpg,congestion
09801/17_1489081040431_frame240.jpg,congestion
09801/17_1489082240608_frame1.jpg,congestion
09801/17_1489082240608_frame180.jpg,congestion
09801/18_1489082540729_frame180.jpg,congestion
09801/18_1489082540729_frame240.jpg,congestion
09801/18_1489082841534_frame1.jpg,congestion
09801/18_1489083140987_frame120.jpg,congestion
09801/18_1489083140987_frame240.jpg,congestion
09801/18_1489083140987_frame60.jpg,congestion
09801/18_1489084041411_frame240.jpg,congestion
09801/18_1489084041411_frame60.jpg,congestion
09801/18_1489084340941_frame1.jpg,no-congestion
09801/18_1489084641161_frame120.jpg,congestion
09801/18_1489084641161_frame180.jpg,congestion
09801/18_1489084941159_frame1.jpg,congestion
09801/18_1489084941159_frame120.jpg,congestion
09801/18_1489085241512_frame60.jpg,congestion
09801/18_1489085841302_frame1.jpg,congestion
09801/19_1489086141539_frame180.jpg,congestion
09801/19_1489086441591_frame180.jpg,no-congestion
09801/19_1489086441591_frame240.jpg,congestion
09801/19_1489086441591_frame60.jpg,no-congestion
09801/19_1489086741833_frame1.jpg,congestion
09801/19_1489087041699_frame120.jpg,congestion
09801/19_1489087641715_frame1.jpg,congestion
09801/19_1489087941786_frame120.jpg,congestion
09801/19_1489087941786_frame60.jpg,congestion
09801/19_1489088241832_frame1.jpg,congestion
09801/19_1489088541912_frame60.jpg,no-congestion
09801/19_1489088841945_frame60.jpg,no-congestion
09801/19_1489089142077_frame240.jpg,congestion
09801/19_1489089442162_frame120.jpg,congestion
09801/19_1489089442162_frame180.jpg,congestion
09801/20_1489089742428_frame180.jpg,congestion
09801/20_1489090342294_frame180.jpg,congestion
09801/20_1489091242393_frame60.jpg,congestion
09801/20_1489092142692_frame1.jpg,congestion
09801/20_1489092142692_frame180.jpg,congestion
09801/20_1489092442608_frame180.jpg,congestion
09801/21_1489093643273_frame60.jpg,no-congestion
09801/21_1489093942984_frame60.jpg,congestion
09801/21_1489094243161_frame1.jpg,congestion
09801/21_1489094543252_frame180.jpg,congestion
09801/21_1489094843481_frame1.jpg,no-congestion
09801/21_1489094843481_frame120.jpg,no-congestion
09801/21_1489095143141_frame60.jpg,no-congestion
09801/21_1489095743495_frame1.jpg,no-congestion
09801/21_1489095743495_frame60.jpg,no-congestion
09801/21_1489096643577_frame1.jpg,no-congestion
09801/22_1489096943691_frame1.jpg,no-congestion
09801/22_1489096943691_frame120.jpg,no-congestion
09801/22_1489097243723_frame180.jpg,no-congestion
09801/22_1489097543741_frame120.jpg,no-congestion
09801/22_1489097843762_frame60.jpg,no-congestion
09801/22_1489098444024_frame1.jpg,no-congestion
09801/22_1489098444024_frame180.jpg,no-congestion
09801/22_1489098444024_frame240.jpg,no-congestion
09801/22_1489099644170_frame1.jpg,no-congestion
09801/22_1489099944262_frame120.jpg,no-congestion
09801/22_1489100244428_frame1.jpg,no-congestion
09801/23_1489100544509_frame240.jpg,no-congestion
09801/23_1489101144578_frame120.jpg,no-congestion
09801/23_1489101144578_frame60.jpg,no-congestion
09801/23_1489102044586_frame60.jpg,no-congestion
09801/23_1489102344683_frame180.jpg,no-congestion
09801/23_1489102644849_frame120.jpg,no-congestion
09801/23_1489102944566_frame1.jpg,no-congestion
09801/23_1489102944566_frame180.jpg,no-congestion
09801/23_1489103244765_frame180.jpg,no-congestion
09801/23_1489103244765_frame60.jpg,no-congestion
09801/23_1489103544849_frame1.jpg,no-congestion
09801/23_1489103544849_frame60.jpg,no-congestion
09801/23_1489103845238_frame1.jpg,no-congestion
09801/23_1489103845238_frame180.jpg,no-congestion
